username,date,star,reviews
Chelsea Lin銀級會員(28則評論),2022/07/21,5.0,餐點好吃，採包廂式，服務好，環境乾淨
斑比Banbi愛食記部落客(1574篇食記),2021/01/20,999,中山區|台北華國大飯店興鐵板燒阿興師不設限的狂派海鮮精緻鐵板料理
米兒情事愛食記部落客(699篇食記),2021/01/14,999,興鐵板燒。捷運中山國小站-入口爆漿的鐵板燒牛排，阿興師的自慢手藝，吃得出的料好實在
愛吃鬼芸芸愛食記部落客(3330篇食記),2021/01/10,999,興鐵板燒@台北華國大飯店，阿興師的台式精緻鐵板料理(還附KTV！)
Chelsea Lin銀級會員(28則評論),2022/07/21,5.0,餐點好吃，採包廂式，服務好，環境乾淨
斑比Banbi愛食記部落客(1574篇食記),2021/01/20,999,中山區|台北華國大飯店興鐵板燒阿興師不設限的狂派海鮮精緻鐵板料理
米兒情事愛食記部落客(699篇食記),2021/01/14,999,興鐵板燒。捷運中山國小站-入口爆漿的鐵板燒牛排，阿興師的自慢手藝，吃得出的料好實在
愛吃鬼芸芸愛食記部落客(3330篇食記),2021/01/10,999,興鐵板燒@台北華國大飯店，阿興師的台式精緻鐵板料理(還附KTV！)
Chelsea Lin銀級會員(28則評論),2022/07/21,5.0,餐點好吃，採包廂式，服務好，環境乾淨
斑比Banbi愛食記部落客(1574篇食記),2021/01/20,999,中山區|台北華國大飯店興鐵板燒阿興師不設限的狂派海鮮精緻鐵板料理
米兒情事愛食記部落客(699篇食記),2021/01/14,999,興鐵板燒。捷運中山國小站-入口爆漿的鐵板燒牛排，阿興師的自慢手藝，吃得出的料好實在
愛吃鬼芸芸愛食記部落客(3330篇食記),2021/01/10,999,興鐵板燒@台北華國大飯店，阿興師的台式精緻鐵板料理(還附KTV！)
Chelsea Lin銀級會員(28則評論),2022/07/21,5.0,餐點好吃，採包廂式，服務好，環境乾淨
斑比Banbi愛食記部落客(1574篇食記),2021/01/20,999,中山區|台北華國大飯店興鐵板燒阿興師不設限的狂派海鮮精緻鐵板料理
米兒情事愛食記部落客(699篇食記),2021/01/14,999,興鐵板燒。捷運中山國小站-入口爆漿的鐵板燒牛排，阿興師的自慢手藝，吃得出的料好實在
愛吃鬼芸芸愛食記部落客(3330篇食記),2021/01/10,999,興鐵板燒@台北華國大飯店，阿興師的台式精緻鐵板料理(還附KTV！)
Chelsea Lin銀級會員(28則評論),2022/07/21,5.0,餐點好吃，採包廂式，服務好，環境乾淨
斑比Banbi愛食記部落客(1574篇食記),2021/01/20,999,中山區|台北華國大飯店興鐵板燒阿興師不設限的狂派海鮮精緻鐵板料理
米兒情事愛食記部落客(699篇食記),2021/01/14,999,興鐵板燒。捷運中山國小站-入口爆漿的鐵板燒牛排，阿興師的自慢手藝，吃得出的料好實在
愛吃鬼芸芸愛食記部落客(3330篇食記),2021/01/10,999,興鐵板燒@台北華國大飯店，阿興師的台式精緻鐵板料理(還附KTV！)
Chelsea Lin銀級會員(28則評論),2022/07/21,5.0,餐點好吃，採包廂式，服務好，環境乾淨
斑比Banbi愛食記部落客(1574篇食記),2021/01/20,999,中山區|台北華國大飯店興鐵板燒阿興師不設限的狂派海鮮精緻鐵板料理
米兒情事愛食記部落客(699篇食記),2021/01/14,999,興鐵板燒。捷運中山國小站-入口爆漿的鐵板燒牛排，阿興師的自慢手藝，吃得出的料好實在
愛吃鬼芸芸愛食記部落客(3330篇食記),2021/01/10,999,興鐵板燒@台北華國大飯店，阿興師的台式精緻鐵板料理(還附KTV！)
Chelsea Lin銀級會員(28則評論),2022/07/21,5.0,餐點好吃，採包廂式，服務好，環境乾淨
斑比Banbi愛食記部落客(1574篇食記),2021/01/20,999,中山區|台北華國大飯店興鐵板燒阿興師不設限的狂派海鮮精緻鐵板料理
米兒情事愛食記部落客(699篇食記),2021/01/14,999,興鐵板燒。捷運中山國小站-入口爆漿的鐵板燒牛排，阿興師的自慢手藝，吃得出的料好實在
愛吃鬼芸芸愛食記部落客(3330篇食記),2021/01/10,999,興鐵板燒@台北華國大飯店，阿興師的台式精緻鐵板料理(還附KTV！)
Chelsea Lin銀級會員(28則評論),2022/07/21,5.0,餐點好吃，採包廂式，服務好，環境乾淨
斑比Banbi愛食記部落客(1574篇食記),2021/01/20,999,中山區|台北華國大飯店興鐵板燒阿興師不設限的狂派海鮮精緻鐵板料理
米兒情事愛食記部落客(699篇食記),2021/01/14,999,興鐵板燒。捷運中山國小站-入口爆漿的鐵板燒牛排，阿興師的自慢手藝，吃得出的料好實在
愛吃鬼芸芸愛食記部落客(3330篇食記),2021/01/10,999,興鐵板燒@台北華國大飯店，阿興師的台式精緻鐵板料理(還附KTV！)
Chelsea Lin銀級會員(28則評論),2022/07/21,5.0,餐點好吃，採包廂式，服務好，環境乾淨
斑比Banbi愛食記部落客(1574篇食記),2021/01/20,999,中山區|台北華國大飯店興鐵板燒阿興師不設限的狂派海鮮精緻鐵板料理
米兒情事愛食記部落客(699篇食記),2021/01/14,999,興鐵板燒。捷運中山國小站-入口爆漿的鐵板燒牛排，阿興師的自慢手藝，吃得出的料好實在
愛吃鬼芸芸愛食記部落客(3330篇食記),2021/01/10,999,興鐵板燒@台北華國大飯店，阿興師的台式精緻鐵板料理(還附KTV！)
Chelsea Lin銀級會員(28則評論),2022/07/21,5.0,餐點好吃，採包廂式，服務好，環境乾淨
斑比Banbi愛食記部落客(1574篇食記),2021/01/20,999,中山區|台北華國大飯店興鐵板燒阿興師不設限的狂派海鮮精緻鐵板料理
米兒情事愛食記部落客(699篇食記),2021/01/14,999,興鐵板燒。捷運中山國小站-入口爆漿的鐵板燒牛排，阿興師的自慢手藝，吃得出的料好實在
愛吃鬼芸芸愛食記部落客(3330篇食記),2021/01/10,999,興鐵板燒@台北華國大飯店，阿興師的台式精緻鐵板料理(還附KTV！)
Chelsea Lin銀級會員(28則評論),2022/07/21,5.0,餐點好吃，採包廂式，服務好，環境乾淨
斑比Banbi愛食記部落客(1574篇食記),2021/01/20,999,中山區|台北華國大飯店興鐵板燒阿興師不設限的狂派海鮮精緻鐵板料理
米兒情事愛食記部落客(699篇食記),2021/01/14,999,興鐵板燒。捷運中山國小站-入口爆漿的鐵板燒牛排，阿興師的自慢手藝，吃得出的料好實在
愛吃鬼芸芸愛食記部落客(3330篇食記),2021/01/10,999,興鐵板燒@台北華國大飯店，阿興師的台式精緻鐵板料理(還附KTV！)
Chelsea Lin銀級會員(28則評論),2022/07/21,5.0,餐點好吃，採包廂式，服務好，環境乾淨
斑比Banbi愛食記部落客(1574篇食記),2021/01/20,999,中山區|台北華國大飯店興鐵板燒阿興師不設限的狂派海鮮精緻鐵板料理
米兒情事愛食記部落客(699篇食記),2021/01/14,999,興鐵板燒。捷運中山國小站-入口爆漿的鐵板燒牛排，阿興師的自慢手藝，吃得出的料好實在
愛吃鬼芸芸愛食記部落客(3330篇食記),2021/01/10,999,興鐵板燒@台北華國大飯店，阿興師的台式精緻鐵板料理(還附KTV！)
Chelsea Lin銀級會員(28則評論),2022/07/21,5.0,餐點好吃，採包廂式，服務好，環境乾淨
斑比Banbi愛食記部落客(1574篇食記),2021/01/20,999,中山區|台北華國大飯店興鐵板燒阿興師不設限的狂派海鮮精緻鐵板料理
米兒情事愛食記部落客(699篇食記),2021/01/14,999,興鐵板燒。捷運中山國小站-入口爆漿的鐵板燒牛排，阿興師的自慢手藝，吃得出的料好實在
愛吃鬼芸芸愛食記部落客(3330篇食記),2021/01/10,999,興鐵板燒@台北華國大飯店，阿興師的台式精緻鐵板料理(還附KTV！)
Chelsea Lin銀級會員(28則評論),2022/07/21,5.0,餐點好吃，採包廂式，服務好，環境乾淨
斑比Banbi愛食記部落客(1574篇食記),2021/01/20,999,中山區|台北華國大飯店興鐵板燒阿興師不設限的狂派海鮮精緻鐵板料理
米兒情事愛食記部落客(699篇食記),2021/01/14,999,興鐵板燒。捷運中山國小站-入口爆漿的鐵板燒牛排，阿興師的自慢手藝，吃得出的料好實在
愛吃鬼芸芸愛食記部落客(3330篇食記),2021/01/10,999,興鐵板燒@台北華國大飯店，阿興師的台式精緻鐵板料理(還附KTV！)
Chelsea Lin銀級會員(28則評論),2022/07/21,5.0,餐點好吃，採包廂式，服務好，環境乾淨
斑比Banbi愛食記部落客(1574篇食記),2021/01/20,999,中山區|台北華國大飯店興鐵板燒阿興師不設限的狂派海鮮精緻鐵板料理
米兒情事愛食記部落客(699篇食記),2021/01/14,999,興鐵板燒。捷運中山國小站-入口爆漿的鐵板燒牛排，阿興師的自慢手藝，吃得出的料好實在
愛吃鬼芸芸愛食記部落客(3330篇食記),2021/01/10,999,興鐵板燒@台北華國大飯店，阿興師的台式精緻鐵板料理(還附KTV！)
Chelsea Lin銀級會員(28則評論),2022/07/21,5.0,餐點好吃，採包廂式，服務好，環境乾淨
斑比Banbi愛食記部落客(1574篇食記),2021/01/20,999,中山區|台北華國大飯店興鐵板燒阿興師不設限的狂派海鮮精緻鐵板料理
米兒情事愛食記部落客(699篇食記),2021/01/14,999,興鐵板燒。捷運中山國小站-入口爆漿的鐵板燒牛排，阿興師的自慢手藝，吃得出的料好實在
愛吃鬼芸芸愛食記部落客(3330篇食記),2021/01/10,999,興鐵板燒@台北華國大飯店，阿興師的台式精緻鐵板料理(還附KTV！)
Chelsea Lin銀級會員(28則評論),2022/07/21,5.0,餐點好吃，採包廂式，服務好，環境乾淨
斑比Banbi愛食記部落客(1574篇食記),2021/01/20,999,中山區|台北華國大飯店興鐵板燒阿興師不設限的狂派海鮮精緻鐵板料理
米兒情事愛食記部落客(699篇食記),2021/01/14,999,興鐵板燒。捷運中山國小站-入口爆漿的鐵板燒牛排，阿興師的自慢手藝，吃得出的料好實在
愛吃鬼芸芸愛食記部落客(3330篇食記),2021/01/10,999,興鐵板燒@台北華國大飯店，阿興師的台式精緻鐵板料理(還附KTV！)
Chelsea Lin銀級會員(28則評論),2022/07/21,5.0,餐點好吃，採包廂式，服務好，環境乾淨
斑比Banbi愛食記部落客(1574篇食記),2021/01/20,999,中山區|台北華國大飯店興鐵板燒阿興師不設限的狂派海鮮精緻鐵板料理
米兒情事愛食記部落客(699篇食記),2021/01/14,999,興鐵板燒。捷運中山國小站-入口爆漿的鐵板燒牛排，阿興師的自慢手藝，吃得出的料好實在
愛吃鬼芸芸愛食記部落客(3330篇食記),2021/01/10,999,興鐵板燒@台北華國大飯店，阿興師的台式精緻鐵板料理(還附KTV！)
Chelsea Lin銀級會員(28則評論),2022/07/21,5.0,餐點好吃，採包廂式，服務好，環境乾淨
斑比Banbi愛食記部落客(1574篇食記),2021/01/20,999,中山區|台北華國大飯店興鐵板燒阿興師不設限的狂派海鮮精緻鐵板料理
米兒情事愛食記部落客(699篇食記),2021/01/14,999,興鐵板燒。捷運中山國小站-入口爆漿的鐵板燒牛排，阿興師的自慢手藝，吃得出的料好實在
愛吃鬼芸芸愛食記部落客(3330篇食記),2021/01/10,999,興鐵板燒@台北華國大飯店，阿興師的台式精緻鐵板料理(還附KTV！)
Chelsea Lin銀級會員(28則評論),2022/07/21,5.0,餐點好吃，採包廂式，服務好，環境乾淨
斑比Banbi愛食記部落客(1574篇食記),2021/01/20,999,中山區|台北華國大飯店興鐵板燒阿興師不設限的狂派海鮮精緻鐵板料理
米兒情事愛食記部落客(699篇食記),2021/01/14,999,興鐵板燒。捷運中山國小站-入口爆漿的鐵板燒牛排，阿興師的自慢手藝，吃得出的料好實在
愛吃鬼芸芸愛食記部落客(3330篇食記),2021/01/10,999,興鐵板燒@台北華國大飯店，阿興師的台式精緻鐵板料理(還附KTV！)
